[
  {
    "id":1,
    "영양제명":"건국대학교 랩솔루션 강아지 눈 영양제",
    "브랜드":"랩솔루션",
    "대상 연령":"3개월~전연령",
    "대상 체형":"모든 견종",
    "영양제 형태":"펠릿",
    "크기":null,
    "효능\/목적":"눈건강, 항산화",
    "영양성분":"조단백13.3%, 조지방3%, 조섬유1.3%, 칼슘0.6%",
    "주원료":"가수분해오리고기, 감자전분, 타피오카전분, 완두, 글리세린(식물성), 올리브유",
    "원산지":"국산",
    "링크":"건국대학교 랩솔루션 강아지 눈 영양제 90정"
  },
  {
    "id":2,
    "영양제명":"건국대학교 랩솔루션 강아지 피부 영양제",
    "브랜드":"랩솔루션",
    "대상 연령":"3개월~전연령",
    "대상 체형":"모든 견종",
    "영양제 형태":"펠릿",
    "크기":null,
    "효능\/목적":"피모관리, 보습",
    "영양성분":"조단백13.3%, 조지방3%, 조섬유1.3%, 칼슘0.6%",
    "주원료":"가수분해오리고기, 감자전분, 타피오카전분, 완두, 글리세린(식물성), 올리브유",
    "원산지":"국산",
    "링크":"건국대학교 랩솔루션 강아지 피부 영양제 90정"
  },
  {
    "id":3,
    "영양제명":"마시캣독 큐브 클린아이 백내장 눈곱 눈물자국 영양제",
    "브랜드":"마시캣독",
    "대상 연령":"3개월~전연령",
    "대상 체형":"모든 견종",
    "영양제 형태":"큐브",
    "크기":"1.5cm",
    "효능\/목적":"안구질환 예방에 도움, 시력 보호",
    "영양성분":"조단백46.7%, 조지방4.4%, 조섬유1.8%, 칼슘1.9%",
    "주원료":"농축단백질, 가수분해오리고기, 가수분해연어, 당근, 비타민미네랄믹스, 블루베리추출분말",
    "원산지":"국산",
    "링크":"마시캣독 큐브 클린아이 50g 백내장 눈곱 눈물자국 영양제"
  },
  {
    "id":4,
    "영양제명":"RU SKIN 알유스킨 60g (탈모, 쿠싱, 피부)",
    "브랜드":"에스엠피동물약품(SMP)",
    "대상 연령":"전연령",
    "대상 체형":"모든 견종",
    "영양제 형태":"가루",
    "크기":null,
    "효능\/목적":"피부질환 예방 및 개선, 피부, 피모 개선",
    "영양성분":"리조푸스국 코지균 500mg, 비타민A 0.55mg",
    "주원료":"리조푸스추출물50%이상, 비타민 A, B 합제, C, D, E 각종미량광물질",
    "원산지":"대만",
    "링크":"[DOG\/CAT] RU SKIN \/ 알유 스킨 60g"
  },
  {
    "id":5,
    "영양제명":"티어스테인 루테인 플라스 파우더",
    "브랜드":"네이처벳",
    "대상 연령":"3개월~전연령",
    "대상 체형":"모든 견종",
    "영양제 형태":"가루",
    "크기":null,
    "효능\/목적":"유루증 개선",
    "영양성분":"크랜베리 추출물105mg, 오리건 그레이프 루트34mg",
    "주원료":"크랜베리 추출물, 비타민C, 초유분말, 리놀렌산 오메가3, 루테인, 구연산, 로즈마리",
    "원산지":"미국산",
    "링크":"플레이도기-동물병원직영쇼핑몰"
  },
  {
    "id":6,
    "영양제명":"뉴키토펫 키토산",
    "브랜드":"뉴라이프",
    "대상 연령":"전연령",
    "대상 체형":"모든 견종",
    "영양제 형태":"알약",
    "크기":null,
    "효능\/목적":"피부질환 개선",
    "영양성분":"조단백11%, 조지방0.3%, 칼슘0.02%",
    "주원료":"키토산(게), 덱스트린, 유산",
    "원산지":"일본",
    "링크":"[DOG\/CAT] 뉴키토펫 키토산 180정"
  },
  {
    "id":7,
    "영양제명":"라비벳 장&피부 유산균",
    "브랜드":"라비벳",
    "대상 연령":"3개월~전연령",
    "대상 체형":"모든 견종",
    "영양제 형태":"가루",
    "크기":null,
    "효능\/목적":"피부질환 개선",
    "영양성분":"유산균 2,000,000,000 CFU",
    "주원료":"이소말트, 난소화성말토덱스트린, 치커리추출물 분말, 생선콜라겐펩타이드, 비타민C",
    "원산지":"국산",
    "링크":"[DOG\/CAT] 라비벳 장&피부 유산균 30포"
  },
  {
    "id":8,
    "영양제명":"로즈힙바이탈 케이나인",
    "브랜드":"로즈힙바이탈",
    "대상 연령":"전연령",
    "대상 체형":"모든 견종",
    "영양제 형태":"가루",
    "크기":null,
    "효능\/목적":"피부,모질 개선",
    "영양성분":"조단백5%, 조지방3.5%, 조섬유33%",
    "주원료":"로즈힙 열매100%",
    "원산지":"호주산",
    "링크":"로즈힙바이탈 케이나인 150g"
  },
  {
    "id":9,
    "영양제명":"마이뷰 스킨&헤어",
    "브랜드":"마이뷰",
    "대상 연령":"전연령",
    "대상 체형":"모든 견종",
    "영양제 형태":"액상",
    "크기":null,
    "효능\/목적":"피부의 보습효과와 피모를 윤택하게 하는 피부염 치료보조제",
    "영양성분":"조단백0.5%, 조지방81%, 조섬유2%, 칼슘0.02%",
    "주원료":"카놀라유, 글리세린, 맥주효모, 유도단백질(양고기), 연어오일, 물, 양고기추출물, 마늘, 엽산",
    "원산지":"뉴질랜드",
    "링크":"[DOG\/CAT] 마이뷰 스킨&헤어 300ml"
  },
  {
    "id":10,
    "영양제명":"마이뷰 비젼&옵틱",
    "브랜드":"마이뷰",
    "대상 연령":"전연령",
    "대상 체형":"모든 견종",
    "영양제 형태":"액상",
    "크기":null,
    "효능\/목적":"시력의 유지와 회복, 눈 건강에 도움",
    "영양성분":"조단백0.2%, 조지방85.9%, 조섬유2%, 칼슘0.01%",
    "주원료":"카놀라유, 글리세린, 맥주효모, 유도단백질(양고기), 비타민E, 비타민 D, 마늘, 엽산",
    "원산지":"뉴질랜드",
    "링크":"[DOG\/CAT] 마이뷰 비젼&옵틱 300ml"
  },
  {
    "id":11,
    "영양제명":"벳플러스 코텍스 블리스터",
    "브랜드":"벳플러스",
    "대상 연령":"전연령",
    "대상 체형":"모든 견종",
    "영양제 형태":"알약",
    "크기":null,
    "효능\/목적":"피부 장벽 강화 및 피부,모질 개선",
    "영양성분":"조단백0.3%, 조지방89.9%, 조섬유0.01%, 칼슘0.01%",
    "주원료":"보라지오일, 피쉬 젤라틴, 정제어유, 글리세롤",
    "원산지":"영국",
    "링크":"[DOG\/CAT] 벳플러스 코텍스 블리스터 60캡슐"
  },
  {
    "id":12,
    "영양제명":"슈퍼벳 오퍼스 유산균 2.0 장건강 면역 피부건강",
    "브랜드":"슈퍼벳",
    "대상 연령":"3개월~전연령",
    "대상 체형":"모든 견종",
    "영양제 형태":"알약",
    "크기":null,
    "효능\/목적":"피부 염증에 도움, 면역력 유지에 도움",
    "영양성분":"조단백1.7%, ",
    "주원료":"이소말트, 프로바이오틱스",
    "원산지":"대한민국",
    "링크":"플레이도기-동물병원직영쇼핑몰"
  },
  {
    "id":13,
    "영양제명":"슈퍼벳 후코컵 E\/S 투약보조 캔(눈건강)",
    "브랜드":"슈퍼벳",
    "대상 연령":"2개월~전연령",
    "대상 체형":"모든 견종",
    "영양제 형태":"액상고형",
    "크기":null,
    "효능\/목적":"눈 건강에 도움, 건조한 눈 개선, 눈의 피로도 개선",
    "영양성분":"조단백4.5%, 조지방3.8%, 조섬유3%, 칼슘0.08%",
    "주원료":"생선살, 연어살, 정제연어유(오메가3&6 지방산함유), 바닷가재살, 가수분해닭고기",
    "원산지":"한국",
    "링크":"플레이도기-동물병원직영쇼핑몰"
  },
  {
    "id":14,
    "영양제명":"슈퍼벳 후코컵 S\/S",
    "브랜드":"슈퍼벳",
    "대상 연령":"2개월~전연령",
    "대상 체형":"모든 견종",
    "영양제 형태":"액상고형",
    "크기":null,
    "효능\/목적":"피모 건강에 도움, 피부 보습에 도움, 피부 노화 지연",
    "영양성분":"조단백4.5%, 조지방3.8%, 조섬유3%, 칼슘0.08%",
    "주원료":"생선살, 연어살, 정제연어유(오메가3&6 지방산함유), 바닷가재살, 가수분해닭고기",
    "원산지":"한국",
    "링크":"플레이도기-동물병원직영쇼핑몰"
  },
  {
    "id":15,
    "영양제명":"시그니처바이 알갈 오메가3(액상 식물성)",
    "브랜드":"시그니처바이",
    "대상 연령":"3개월~전연령",
    "대상 체형":"모든 견종",
    "영양제 형태":"액상",
    "크기":null,
    "효능\/목적":"피부,피모 개선, 면역력 강화",
    "영양성분":"조지방99%이상",
    "주원료":"해조추출물(99.5%이상), 해바라기씨유(토코페롤_비타민E 공급원)",
    "원산지":"미국산",
    "링크":"시그니처바이 알갈 오메가3 1.2gx30개입 (액상 식물성)"
  },
  {
    "id":16,
    "영양제명":"썸벧 팔팔스틱 눈",
    "브랜드":"한국썸벧",
    "대상 연령":"전연령",
    "대상 체형":"모든 견종",
    "영양제 형태":"액상",
    "크기":null,
    "효능\/목적":"눈, 피부 건강에 도움",
    "영양성분":"후코이단, 아미노산, 미네랄, 오메가3, 프로바이오틱스",
    "주원료":"연어, 블루베리, 마리골드추출분말(루테인, 지아잔틴)",
    "원산지":"대한민국",
    "링크":"썸벧 팔팔스틱 눈 1박스(30개입)"
  },
  {
    "id":17,
    "영양제명":"아스트레인 E",
    "브랜드":"아스트레인",
    "대상 연령":"3개월~전연령",
    "대상 체형":"모든 견종",
    "영양제 형태":"알약",
    "크기":null,
    "효능\/목적":"눈 건강에 도움",
    "영양성분":"조단백23.1%, 조지방8.2%, 칼슘0.2%",
    "주원료":"루테인, 빌베리, 퀘르세틴, 코엔자임Q10, 꽃송이버섯&상황버섯",
    "원산지":"대한민국",
    "링크":"[DOG\/CAT] 아스트레인 E 60캡슐 (눈 보조제)"
  },
  {
    "id":18,
    "영양제명":"아스트레인 S",
    "브랜드":"아스트레인",
    "대상 연령":"3개월~전연령",
    "대상 체형":"모든 견종",
    "영양제 형태":"알약",
    "크기":null,
    "효능\/목적":"피부 건강에 도움",
    "영양성분":"조단백35.8%, 조지방7.3%, 조섬유1.9% 칼슘0.2%",
    "주원료":"락토바실러스 아시도필루스, 피쉬콜라겐, ",
    "원산지":"대한민국",
    "링크":"[DOG\/CAT] 아스트레인 S 60캡슐 (피부+유산균 보조제)"
  },
  {
    "id":19,
    "영양제명":"엘피에스 닥터(만성피부질환 보조제)",
    "브랜드":"엘피에스",
    "대상 연령":"전연령",
    "대상 체형":"모든 견종",
    "영양제 형태":"알약",
    "크기":null,
    "효능\/목적":"아토피, 알러지의 치료보조 피부 면역증강제",
    "영양성분":"조단백0.6%, 조지방2.1%, 조섬유15.5%",
    "주원료":"밀 발효 추출물, 효모 추출물, 자당 에스테르, 유당",
    "원산지":"일본",
    "링크":"[DOG\/CAT] 엘피에스 닥터 60정 (만성피부질환 보조제)"
  },
  {
    "id":20,
    "영양제명":"콜라겐 플러스 조인트 ",
    "브랜드":"웰초이스",
    "대상 연령":"3개월~전연령",
    "대상 체형":"모든 견종",
    "영양제 형태":"져키",
    "크기":null,
    "효능\/목적":"피부 건강에 도움",
    "영양성분":"조단백18%, 조지방3%, 조섬유2%, 칼슘0.07%",
    "주원료":"돈피, 쌀가루, 가수분해연어, 황태, 맥주효모, 글리세린, 유산나트륨, D-소르비톨",
    "원산지":"국산",
    "링크":null
  },
  {
    "id":21,
    "영양제명":"콜라겐 플러스 아이즈",
    "브랜드":"웰초이스",
    "대상 연령":"3개월~전연령",
    "대상 체형":"모든 견종",
    "영양제 형태":"져키",
    "크기":null,
    "효능\/목적":"피부 건강에 도움, 백내장과 안질환 발병 감소에 도움",
    "영양성분":"조단백18%, 조지방3%, 조섬유2%, 칼슘0.07%",
    "주원료":"돈피, 돈육, 쌀가루, 가수분해연어, 황태, 맥주효모, 마리골드추출물(루테인), 아스타잔틴",
    "원산지":"국산",
    "링크":"[DOG\/CAT] 콜라겐 플러스 아이즈 1박스(10개입) 피부·눈건강"
  },
  {
    "id":22,
    "영양제명":"하이포맥스+피부, 눈 건강간식",
    "브랜드":"웰초이스",
    "대상 연령":"2개월~전연령",
    "대상 체형":"모든 견종",
    "영양제 형태":"트릿",
    "크기":null,
    "효능\/목적":"피부\/모질 개선에 도움,",
    "영양성분":"조단백14%, 조지방0.5%, 조섬유1.3%, 칼슘0.05%",
    "주원료":"쌀, 귀리, 글리세린지방산에스테르, 가수분해연어, 타피오카전분, 효모추출물, 한천",
    "원산지":"국산",
    "링크":"[DOG\/CAT] 하이포맥스+ 피부,눈 건강간식 150g"
  },
  {
    "id":23,
    "영양제명":"이노캡스 LZ-13",
    "브랜드":"이노캡스",
    "대상 연령":"전연령",
    "대상 체형":"모든 견종",
    "영양제 형태":"알약",
    "크기":null,
    "효능\/목적":"눈, 피부 건강에 도움",
    "영양성분":"루테인, 지아잔틴, 아연, 마그네슘, 비타민B6, E, C",
    "주원료":"루테인, 지아잔틴, 아연, 마그네슘, 비타민B6, E, C",
    "원산지":"국산",
    "링크":"[DOG\/CAT] 이노캡스 LZ-13 루테인 지아잔틴 눈 건강 보조제"
  },
  {
    "id":24,
    "영양제명":"클리닉스 블랙 오메가-73",
    "브랜드":"클리닉스",
    "대상 연령":"전연령",
    "대상 체형":"모든 견종",
    "영양제 형태":"오일",
    "크기":null,
    "효능\/목적":"피부 건강, 눈 건강에 도움",
    "영양성분":"오메가-7, 오메가-3",
    "주원료":"씨벅슨열매추출물(오일), 미세조류추출물(오일), 동물성유래원료, 합성색소, 인공향미제",
    "원산지":"국산",
    "링크":"클리닉스 블랙 오메가-73 30ml 피부건강 눈건강 영양제"
  },
  {
    "id":25,
    "영양제명":"이너웰 비전&티어스테인(눈영양제)",
    "브랜드":"에스틴",
    "대상 연령":"3개월~전연령",
    "대상 체형":"모든 견종",
    "영양제 형태":"짜먹는 스틱",
    "크기":null,
    "효능\/목적":"눈 건강을 위해 영양공급",
    "영양성분":"조단백3%, 조지방60%, 조섬유7%, 칼슘0.01%",
    "주원료":"카놀라오일, 유화제, 정제수, 효모추출물, 소고기추출물, 맥아추출물",
    "원산지":"국산",
    "링크":"[DOG] 이너웰 비전&티어스테인 20스틱 (눈영양제)"
  },
  {
    "id":26,
    "영양제명":"이너웰 스킨&코트 독",
    "브랜드":"에스틴",
    "대상 연령":"전연령",
    "대상 체형":"모든 견종",
    "영양제 형태":"짜먹는 스틱",
    "크기":null,
    "효능\/목적":"약해진 피부와 모질을 위해 영양공급, 건강한 피부",
    "영양성분":"조단백3%, 조지방60%, 조섬유7%, 칼슘0.01%",
    "주원료":"카놀라오일, 유화제, 정제수, 효모추출물, 소고기추출물, 맥아추출물",
    "원산지":"국산",
    "링크":"[DOG] 이너웰 스킨&코트 5ml x 20sticks (겔 타입 종합영양제)"
  },
  {
    "id":27,
    "영양제명":"제리스타일스 아이즈 서플리먼트",
    "브랜드":"제리스타일스",
    "대상 연령":"3개월~전연령",
    "대상 체형":"모든 견종",
    "영양제 형태":"트릿",
    "크기":null,
    "효능\/목적":"눈 건강 도움, 흐릿한 눈동자 개선",
    "영양성분":"조단백20.2%, 조지방10.6%, 조섬유1.7%",
    "주원료":"가수분해효소단백질, 마리골드(루테인), 빌베리, 맥주효모, 타피오카, 당근, 코코넛오일",
    "원산지":"국산",
    "링크":"제리스타일스 아이즈 서플리먼트"
  },
  {
    "id":28,
    "영양제명":"제리스타일스 알러스킨 서플리먼트",
    "브랜드":"제리스타일스",
    "대상 연령":"3개월~전연령",
    "대상 체형":"모든 견종",
    "영양제 형태":"트릿",
    "크기":null,
    "효능\/목적":"피부질환 도움, 알러지성 피부 개선",
    "영양성분":"조단백10.1%, 조지방10.5%, 조섬유4.2%",
    "주원료":"가수분해효소단백질, 헴프시드, 퀘르세틴, 감초, 아연, 타피오카, 연어오일",
    "원산지":"국산",
    "링크":"제리스타일스 알러스킨 서플리먼트"
  },
  {
    "id":29,
    "영양제명":"벳플러스 코텍스 펌프",
    "브랜드":"벳플러스",
    "대상 연령":"전연령",
    "대상 체형":"모든 견종",
    "영양제 형태":"액상",
    "크기":null,
    "효능\/목적":"피부 장벽 강화, 피부,모질 개선",
    "영양성분":"조단백0.8%, 조지방88.7%, 조섬유0.01%, 칼슘0.01%",
    "주원료":"리놀레산(보라지 오일), EPA(정제어유, 비타민E,A,D3",
    "원산지":"영국",
    "링크":"벳플러스 코텍스 펌프 65ml"
  },
  {
    "id":30,
    "영양제명":"벳바이 더마츄",
    "브랜드":"벳바이 더마츄",
    "대상 연령":"3개월~전연령",
    "대상 체형":"모든 견종",
    "영양제 형태":"트릿",
    "크기":"35mm",
    "효능\/목적":"피부장벽 강화, 피부건강에 도움",
    "영양성분":"조단백14%, 조지방5.5%, 조섬유0.7%, 칼슘0.3%",
    "주원료":"현미, 유도단백질(가수분해새우), 글리세린지방산에스테르, 귀리, 효모추출물",
    "원산지":"국산",
    "링크":"플레이도기-동물병원직영쇼핑몰"
  },
  {
    "id":31,
    "영양제명":"헬시네이쳐(알러지, 아토피 개선, 면역 기능)",
    "브랜드":"에스틴",
    "대상 연령":"전연령",
    "대상 체형":"모든 견종",
    "영양제 형태":"트릿",
    "크기":null,
    "효능\/목적":"피부염에 도움",
    "영양성분":"조단백8%, 조지방10%, 조섬유13%, 칼슘0.01%",
    "주원료":"식물성유지(카놀라), 결정셀룰로오스, 포도당, 다래추출물, 유당, 향미제(치킨, 비프)",
    "원산지":"국산",
    "링크":"[DOG\/CAT] 헬시네이쳐 24정 (알러지,아토피 개선, 면역 기능)"
  },
  {
    "id":32,
    "영양제명":"네이처벳 티어스테인 루테인 플러스 츄",
    "브랜드":"네이처벳",
    "대상 연령":"전연령",
    "대상 체형":"모든 견종",
    "영양제 형태":"츄",
    "크기":null,
    "효능\/목적":"유루증, 눈물 케어",
    "영양성분":"조단백11.4%, 조지방16.8%, 조섬유6.1%, 칼슘0.4%",
    "주원료":"크랜베리추출물, 오리건주 포도뿌리, 아스코르베이트칼슘, 아이브",
    "원산지":"미국",
    "링크":"네이처벳 티어스테인 루테인 플러스 츄 154g (유루증, 눈물 케어)"
  },
  {
    "id":33,
    "영양제명":"메이웰 아이즈랩 눈&눈물 영양트릿 13소프트츄",
    "브랜드":"메이웰",
    "대상 연령":"3개월~전연령",
    "대상 체형":"모든 견종",
    "영양제 형태":"트릿",
    "크기":null,
    "효능\/목적":"백내장, 녹내장, 결막염, 각막염 예방에 도움, 안구건조증 예방",
    "영양성분":null,
    "주원료":"빌베리, 블루베리, 루테인, 오메가3, 비타민A",
    "원산지":"국산",
    "링크":"메이웰 아이즈랩 눈&눈물 영양트릿 13소프트츄 소포장"
  },
  {
    "id":34,
    "영양제명":"마이베프 별자리스틱 눈건강(영양간식)",
    "브랜드":"마이베프",
    "대상 연령":"3개월~전연령",
    "대상 체형":"모든 견종",
    "영양제 형태":"츄르",
    "크기":null,
    "효능\/목적":"눈 염증 완화, 눈 건강 도움, 눈 피로도 개선",
    "영양성분":"조단백8%, 조지방0.1%, 조섬유0.25%, 칼슘0.02%",
    "주원료":"참치, 닭가슴살, 바나나, 당근, 타피오카, 오메가3, 포도씨추출물, 비타민E",
    "원산지":"국산",
    "링크":"[DOG\/CAT] 마이베프 별자리스틱 눈건강 4개입 (영양간식)"
  },
  {
    "id":35,
    "영양제명":"매일 ONE 스틱 눈",
    "브랜드":"한국썸벧",
    "대상 연령":"3개월~전연령",
    "대상 체형":"모든 견종",
    "영양제 형태":"츄르",
    "크기":null,
    "효능\/목적":"백내장 진행 속도 늦춤. 노화한 안구에 도움, 눈물 감소에 도움",
    "영양성분":"조단백12.3%, 조지방7.9%, 조섬유4.4%, 칼슘0.03%",
    "주원료":"연어, 블루베리, 마리골드추출분말(루테인, 지아잔틴), 당근, 오메가3, L-라이신",
    "원산지":"국산",
    "링크":"[DOG\/CAT] 매일 ONE 스틱 눈 1박스(30개입) 기능성츄르"
  },
  {
    "id":36,
    "영양제명":"닥터케어 브러쉬 플러스 눈건강 가수분해츄",
    "브랜드":"닥터케어",
    "대상 연령":"2개월~전연령",
    "대상 체형":"모든 견종",
    "영양제 형태":"치아껌",
    "크기":null,
    "효능\/목적":"눈 질환 예방, 눈 건강, 눈물 관리",
    "영양성분":"조단백7%, 조지방1.5%, 조섬유9%, 칼슘0.01%",
    "주원료":"블루베리, 해마토코쿠스, 히알루론산, 마리골드추출물",
    "원산지":"국산",
    "링크":"닥터케어 브러쉬 플러스 눈건강 가수분해츄 1박스"
  },
  {
    "id":37,
    "영양제명":"닥터케어 브러쉬 플러스 피부건강 가수분해츄",
    "브랜드":"닥터케어",
    "대상 연령":"2개월~전연령",
    "대상 체형":"모든 견종",
    "영양제 형태":"치아껌",
    "크기":null,
    "효능\/목적":"피부\/모질 개선",
    "영양성분":"조단백7%, 조지방1.5%, 조섬유9%, 칼슘0.01%",
    "주원료":"코엔자임Q-10, 연어유 오메가3&6, 후코이단, 콜라겐",
    "원산지":"국산",
    "링크":null
  },
  {
    "id":38,
    "영양제명":"벳큐어 울트라 콜라겐 500",
    "브랜드":"에이티바이오",
    "대상 연령":"2개월~전연령",
    "대상 체형":"모든 견종",
    "영양제 형태":"트릿",
    "크기":"15mm",
    "효능\/목적":"피부\/모질 건강",
    "영양성분":"조단백15%, 조지방5%, 조섬유6%, 칼슘0.01%",
    "주원료":"소맥분, 피쉬콜라겐, 천연향미제(가수분해닭간), 글리세린, 오메가3분말, 연어유",
    "원산지":"국산",
    "링크":"플레이도기-동물병원직영쇼핑몰"
  },
  {
    "id":39,
    "영양제명":"벳큐어 울트라 오메가 500",
    "브랜드":"에이티바이오",
    "대상 연령":"2개월~전연령",
    "대상 체형":"모든 견종",
    "영양제 형태":"트릿",
    "크기":"15mm",
    "효능\/목적":"피부\/모질 건강, 눈 건강에 도움",
    "영양성분":"조단백15%, 조지방5%, 조섬유6%, 칼슘0.01%",
    "주원료":"소맥분, 가수분해새우, 천연향미제(가수분해닭간), 글리세린, 오메가3분말, 연어유",
    "원산지":"국산",
    "링크":"플레이도기-동물병원직영쇼핑몰"
  },
  {
    "id":40,
    "영양제명":"벳큐어 레드오메가3 앤 칸나비디올",
    "브랜드":"에이티바이오",
    "대상 연령":"2개월~전연령",
    "대상 체형":"모든 견종",
    "영양제 형태":"트릿",
    "크기":null,
    "효능\/목적":"피부\/피모 건강에 도움",
    "영양성분":"조단백21%, 조지방11.8%, 조섬유0.02%, 칼슘0.2%",
    "주원료":"가수분해닭고기, 소맥분, 크릴분말, 유산균, 피쉬 오일, 글리세린, 정제염, 비타민E",
    "원산지":"국산",
    "링크":"플레이도기-동물병원직영쇼핑몰"
  },
  {
    "id":41,
    "영양제명":"포켄스 뉴트리션 트릿 미니 눈&눈물",
    "브랜드":"포켄스",
    "대상 연령":"3개월~전연령",
    "대상 체형":"소형견",
    "영양제 형태":"트릿",
    "크기":null,
    "효능\/목적":"눈 건강에 도움, 눈 영양공급에 도움",
    "영양성분":"조단백4%, 조지방5%, 조섬유3%, 칼슘0.01%",
    "주원료":"빌베리, 블루베리, 루테인, 제아잔틴, 오메가3, 타피오카, 이소말토올리고당",
    "원산지":"국산",
    "링크":"[DOG] 포켄스 뉴트리션 트릿 미니 눈&눈물 180정"
  },
  {
    "id":42,
    "영양제명":"뉴트리션 트릿 피부&피모",
    "브랜드":"포켄스",
    "대상 연령":"3개월~전연령",
    "대상 체형":"모든 견종",
    "영양제 형태":"트릿",
    "크기":null,
    "효능\/목적":"피부, 눈, 면역력에 도움",
    "영양성분":"조단백4%, 조지방5%, 조섬유3%, 칼슘0.01%",
    "주원료":"타피오카, 이소말토올리고당, 글리세린, 글루코사민, 효모추출물, 젤라틴, 아마씨분말",
    "원산지":"국산",
    "링크":"https:\/\/dogpre.com\/product\/74254"
  },
  {
    "id":43,
    "영양제명":"포코벳 아이즈 U\/E",
    "브랜드":"포코벳",
    "대상 연령":"2개월~전연령",
    "대상 체형":"모든 견종",
    "영양제 형태":"펠릿",
    "크기":null,
    "효능\/목적":"백내장 예방에 도움, 시력 보호, 눈 피로 개선",
    "영양성분":"조단백17%, 조지방2%, 조섬유8%, 칼슘0.4%",
    "주원료":"소맥분, 가수분해새우, 고구마전분, 글리세린, 함수포도당, 정제연어유(오메가3&6 지방산함유)",
    "원산지":"국산",
    "링크":"플레이도기-동물병원직영쇼핑몰"
  },
  {
    "id":44,
    "영양제명":"엘릿 파워업 눈&면역력 관리",
    "브랜드":"큐더스",
    "대상 연령":"2개월~전연령",
    "대상 체형":"모든 견종",
    "영양제 형태":"져키",
    "크기":null,
    "효능\/목적":"눈 관리 도움",
    "영양성분":"조단백20.2%, 조지방10.6%, 조섬유1.7%",
    "주원료":"가수분해 효소단백질, 소고기, 황태, 타피오카, 감자전분, 마리골드, 빌베리, 밀크씨슬, 맥주효모",
    "원산지":"국산",
    "링크":"엘릿 파워업 눈&면역력 관리 300g 가수분해 단백질 영양제"
  },
  {
    "id":45,
    "영양제명":"덴케어벳 오메가 반려견 3중관리",
    "브랜드":"에스틴",
    "대상 연령":"2개월~전연령",
    "대상 체형":"모든 견종",
    "영양제 형태":"껌",
    "크기":null,
    "효능\/목적":"피부건강에 도움",
    "영양성분":"조단백12%, 조지방1%, 조섬유25%, 칼슘0.01%",
    "주원료":"쌀가루, 셀룰로오스, 생선살, 가수분해닭고기, 정제연어유, 정제포도당",
    "원산지":"국산",
    "링크":"덴케어벳 오메가 반려견 3중관리"
  },
  {
    "id":46,
    "영양제명":"덴케어벳 시니어 노령견 3중관리",
    "브랜드":"에스틴",
    "대상 연령":"2개월~전연령",
    "대상 체형":"모든 견종",
    "영양제 형태":"껌",
    "크기":null,
    "효능\/목적":"눈 건강에 도움, 노화 방지",
    "영양성분":"조단백12%, 조지방1%, 조섬유25%, 칼슘0.01%",
    "주원료":"루테인, 단호박, 아로니아, 마키베리, DHA",
    "원산지":"국산",
    "링크":"덴케어벳 시니어 노령견 3중관리"
  },
  {
    "id":47,
    "영양제명":"피부행복쿠키",
    "브랜드":"에스틴",
    "대상 연령":"2개월~전연령",
    "대상 체형":"모든 견종",
    "영양제 형태":"쿠키",
    "크기":null,
    "효능\/목적":"피부\/모질 건강에 도움",
    "영양성분":"조단백15%, 조지방6%, 조섬유2%, 칼슘0.5%",
    "주원료":"쌀, 연어, 소맥분, 베이킹파우더, 정제당, 연어유, 강황, 알로에베라, 정제염",
    "원산지":"국산",
    "링크":"플레이도기-동물병원직영쇼핑몰"
  },
  {
    "id":48,
    "영양제명":"에피트릿 가수분해 저알러지 간식",
    "브랜드":"SPECIFIC",
    "대상 연령":"2개월~전연령",
    "대상 체형":"모든 견종",
    "영양제 형태":"트릿",
    "크기":"25mm",
    "효능\/목적":"피부 건강, 면역력 강화에 도움",
    "영양성분":"조단백13.8%, 조지방2.5%, 조섬유4.9%, 칼슘0.12%",
    "주원료":"건조감자, 유도단백질(닭간 가수분해), 옥수수시럽, 정제수, 글리세린, 분말셀룰로스, 효모",
    "원산지":"미국",
    "링크":"[DOG] 에피트릿 가수분해 저알러지 간식 275g"
  },
  {
    "id":49,
    "영양제명":"스페시픽 CT-HY Hypoallerhenic Treats",
    "브랜드":"SPECIFIC",
    "대상 연령":"2개월~전연령",
    "대상 체형":"모든 견종",
    "영양제 형태":"트릿",
    "크기":null,
    "효능\/목적":"민감한 피부를 위한 식이알러지 케어",
    "영양성분":"조단백16.5%, 조지방6%, 조섬유6.2%, 칼슘0.59%",
    "주원료":"흰쌀, 쌀, 단백질, 돼지지방, 가수분해 연어단백질(3,000Dalton이하), 셀룰로오스분말",
    "원산지":"벨기에",
    "링크":"스페시픽 CT-HY 식이성 알러지가 있는 전연령을 위한 기능성 간식"
  },
  {
    "id":50,
    "영양제명":"본아페티 강아지 눈 건강 백내장 영양제 아이즈캡스",
    "브랜드":"본아페티",
    "대상 연령":"2개월~전연령",
    "대상 체형":"모든 견종",
    "영양제 형태":"알약",
    "크기":null,
    "효능\/목적":"눈 건강에 도움, 눈 건조, 피로에 도움",
    "영양성분":"조단백23.1%, 조지방8.2, 조섬유0.9%, 칼슘0.2%",
    "주원료":"정제어유분말, 마리골드추출물, 빌베리, 헤마토코쿠스, 혼합유산균, L-라이신, 비타민C",
    "원산지":"국산",
    "링크":"본아페티 강아지 눈 영양제 아이즈캡스 : 본아페티"
  }
]